FFMC,DMC,DC,ISI,temperature,humidity,wind,rain,current_time
46.0,119.39,322.9,0.71,24.50,52.00,3.41,5.21,2023-12-18 10:16:57
66.5,206.04,169.1,1.54,24.50,52.00,7.42,5.19,2023-12-18 10:17:02
68.5,223.8,628.7,1.39,24.50,52.00,6.7,3.68,2023-12-18 10:17:07
57.2,219.96,339.4,0.29,24.50,52.00,1.41,1.89,2023-12-18 10:17:13
57.8,218.21,494.0,1.89,24.50,52.00,9.11,5.24,2023-12-18 10:17:18
57.9,264.25,250.3,1.95,24.50,52.00,9.39,4.17,2023-12-18 10:17:23
57.5,97.11,108.2,0.81,24.50,52.00,3.88,1.01,2023-12-18 10:17:28
67.5,101.65,410.1,1.22,24.50,52.00,5.88,2.78,2023-12-18 10:17:33
44.6,170.89,160.8,1.45,24.50,52.00,6.96,0.49,2023-12-18 10:17:38
88.4,235.79,102.3,0.92,24.50,51.00,4.42,5.47,2023-12-18 10:17:43
63.4,182.08,833.8,0.59,24.50,51.00,2.85,1.71,2023-12-18 10:17:49
41.0,199.29,325.2,1.46,24.50,51.00,7.02,2.63,2023-12-18 10:17:54
85.2,74.18,680.1,1.67,24.50,51.00,8.03,3.44,2023-12-18 10:17:59
86.9,56.72,488.5,0.32,24.50,51.00,1.52,3.62,2023-12-18 10:18:04
19.8,215.23,417.0,0.16,24.50,51.00,0.75,3.2,2023-12-18 10:18:09
38.9,180.63,831.7,1.46,24.50,51.00,7.03,1.76,2023-12-18 10:18:14
36.0,40.32,688.0,0.83,24.50,51.00,4.01,1.69,2023-12-18 10:18:19
45.5,251.55,382.0,0.6,24.50,51.00,2.88,0.09,2023-12-18 10:18:24
59.2,192.48,68.3,1.92,24.50,51.00,9.23,4.78,2023-12-18 10:18:30
28.8,133.38,471.4,0.94,24.50,51.00,4.53,4.68,2023-12-18 10:18:35
32.1,62.85,74.7,1.72,24.50,51.00,8.29,4.57,2023-12-18 10:18:40
94.6,69.23,378.8,0.71,24.50,51.00,3.39,0.4,2023-12-18 10:18:45
42.0,259.54,546.9,0.82,24.50,51.00,3.96,6.38,2023-12-18 10:18:50
94.6,82.68,142.2,0.33,24.50,51.00,1.6,1.53,2023-12-18 10:18:55
93.7,71.94,322.0,0.5,24.50,51.00,2.4,1.01,2023-12-18 10:19:00
66.0,108.63,396.7,0.74,24.50,51.00,3.56,1.67,2023-12-18 10:19:05
56.7,70.45,793.7,0.25,26.70,48.00,1.2,1.56,2023-12-18 12:17:39
22.7,185.02,191.7,1.86,26.70,48.00,8.96,0.28,2023-12-18 12:17:45
38.0,67.15,332.3,0.13,26.70,48.00,0.61,5.85,2023-12-18 12:17:50
36.8,33.3,440.8,1.44,26.70,48.00,6.91,0.88,2023-12-18 12:17:56
44.3,160.67,481.0,0.26,26.70,48.00,1.24,5.26,2023-12-18 12:18:01
66.2,270.29,810.1,1.93,26.70,48.00,9.3,2.65,2023-12-18 12:18:07
37.6,236.69,162.1,0.61,26.70,48.00,2.91,0.77,2023-12-18 12:18:12
54.5,33.2,20.3,1.22,26.70,48.00,5.85,0.99,2023-12-18 12:18:17
92.9,285.0,784.7,1.78,26.70,48.00,8.57,5.25,2023-12-18 12:18:23
66.8,145.68,94.8,0.14,26.70,48.00,0.69,3.57,2023-12-18 12:18:28
91.5,235.04,843.1,1.29,26.70,48.00,6.2,6.06,2023-12-18 12:18:34
65.3,271.77,204.6,1.73,26.70,48.00,8.34,1.9,2023-12-18 12:18:39
57.6,131.0,146.3,0.51,26.70,48.00,2.44,0.97,2023-12-18 12:18:45
71.7,104.9,592.8,0.65,26.70,48.00,3.12,5.28,2023-12-18 12:18:50
34.6,68.86,418.1,1.47,26.70,48.00,7.06,2.71,2023-12-18 12:18:55
83.8,129.91,216.3,0.62,26.70,48.00,2.98,0.62,2023-12-18 12:19:01
69.1,121.04,390.1,1.77,26.70,48.00,8.51,0.6,2023-12-18 12:19:06
76.2,226.83,169.8,1.07,26.70,48.00,5.15,1.69,2023-12-18 12:19:12
27.5,257.3,268.9,0.55,26.30,48.00,2.63,4.74,2023-12-18 12:19:17
82.8,121.29,650.7,1.67,26.30,48.00,8.01,3.33,2023-12-18 12:19:23
34.3,56.59,782.7,1.42,26.20,48.00,6.85,4.44,2023-12-18 12:20:38
85.4,85.35,722.6,1.85,26.20,48.00,8.9,4.51,2023-12-18 12:20:44
18.7,77.12,573.0,0.5,26.20,48.00,2.41,5.1,2023-12-18 12:20:49
45.7,31.78,605.2,0.33,26.20,48.00,1.61,1.83,2023-12-18 12:20:55
44.1,144.01,516.1,1.07,26.20,49.00,5.15,3.9,2023-12-18 12:21:00
84.8,284.05,77.2,0.3,26.20,49.00,1.43,5.85,2023-12-18 12:21:05
33.2,52.76,309.1,0.69,26.20,49.00,3.31,5.82,2023-12-18 12:21:11
43.2,266.39,73.5,0.15,26.20,49.00,0.72,6.08,2023-12-18 12:21:16
55.4,216.73,105.1,1.93,26.20,49.00,9.29,5.84,2023-12-18 12:21:22
77.7,90.37,492.9,0.15,26.20,49.00,0.7,2.49,2023-12-18 12:21:27
29.4,104.75,757.6,0.84,26.20,49.00,4.04,3.74,2023-12-18 12:21:33
19.2,52.97,727.5,1.48,26.20,49.00,7.13,0.59,2023-12-18 12:21:38
68.5,145.94,378.3,1.12,26.20,49.00,5.38,3.07,2023-12-18 12:21:43
78.8,93.0,364.6,0.29,26.20,49.00,1.38,5.43,2023-12-18 12:21:49
95.2,157.54,605.0,0.39,26.20,49.00,1.89,5.63,2023-12-18 12:21:54
46.4,125.53,201.0,1.29,26.20,49.00,6.21,4.17,2023-12-18 12:22:00
31.4,246.34,699.7,0.2,26.20,49.00,0.94,4.47,2023-12-18 12:22:05
36.5,123.16,160.4,1.16,26.20,49.00,5.57,5.81,2023-12-18 12:22:11
88.8,20.21,396.4,1.56,26.20,49.00,7.49,6.05,2023-12-18 12:22:16
94.4,71.51,258.6,1.82,26.20,49.00,8.76,2.59,2023-12-18 12:22:22
71.9,282.51,298.5,0.47,26.20,49.00,2.27,5.47,2023-12-18 12:22:27
30.3,200.2,766.3,0.93,26.20,49.00,4.48,4.08,2023-12-18 12:22:32
37.3,28.22,261.8,1.51,26.20,49.00,7.28,3.37,2023-12-18 12:22:38
65.0,245.4,542.9,0.22,26.20,49.00,1.06,3.32,2023-12-18 12:22:43
64.0,128.47,826.6,1.2,26.20,49.00,5.78,0.87,2023-12-18 12:22:49
65.4,203.68,802.5,1.77,26.20,49.00,8.51,1.78,2023-12-18 12:23:04
41.8,196.62,326.0,1.28,26.20,49.00,6.13,4.89,2023-12-18 12:23:09
64.5,39.39,500.1,1.67,26.20,49.00,8.04,3.36,2023-12-18 12:23:15
21.8,221.18,630.6,1.16,26.20,49.00,5.6,0.54,2023-12-18 12:23:20
78.5,17.46,178.3,1.56,26.20,49.00,7.48,2.07,2023-12-18 12:23:26
42.4,76.75,21.7,1.04,26.20,49.00,5.01,2.0,2023-12-18 12:23:31
36.3,17.51,786.2,0.43,26.20,49.00,2.09,0.06,2023-12-18 12:26:20
30.7,25.75,216.9,1.65,26.20,49.00,7.92,0.64,2023-12-18 12:26:45
77.2,225.77,183.6,0.56,26.20,49.00,2.67,4.87,2023-12-18 12:26:51
21.3,202.56,763.2,1.13,26.20,49.00,5.43,3.03,2023-12-18 12:26:56
91.1,48.92,818.3,1.4,26.20,49.00,6.73,4.2,2023-12-18 12:27:32
49.9,73.9,186.4,1.87,26.20,49.00,9.0,4.99,2023-12-18 12:27:37
27.4,121.22,351.5,1.5,26.20,49.00,7.2,4.6,2023-12-18 12:27:42
79.5,74.63,23.8,1.17,26.20,49.00,5.64,0.19,2023-12-18 12:27:48
31.8,221.26,401.3,0.8,26.20,49.00,3.84,0.3,2023-12-18 12:28:13
83.2,195.04,330.7,1.94,26.20,49.00,9.32,1.04,2023-12-18 12:28:19
71.7,171.53,222.6,1.8,26.20,48.00,8.63,1.62,2023-12-18 12:31:17
69.5,201.65,793.8,1.65,26.20,48.00,7.95,4.36,2023-12-18 12:31:23
65.5,3.87,121.7,0.66,26.20,48.00,3.18,4.41,2023-12-18 12:31:28
92.5,249.53,162.3,1.39,26.20,48.00,6.66,5.23,2023-12-18 12:31:46
52.5,6.48,860.0,1.77,26.20,49.00,8.49,5.15,2023-12-18 12:35:05
37.0,263.94,688.6,0.38,26.20,49.00,1.83,2.12,2023-12-18 12:35:11
54.6,196.27,253.9,1.9,26.20,49.00,9.12,0.55,2023-12-18 12:35:19
49.9,278.0,845.2,0.41,26.20,49.00,1.97,4.74,2023-12-18 12:35:24
55.1,278.62,804.0,0.56,26.20,49.00,2.67,1.46,2023-12-18 12:35:40
34.7,28.1,655.7,0.67,26.20,49.00,3.22,4.23,2023-12-18 12:35:45
75.5,142.15,148.7,0.48,26.20,49.00,2.31,1.29,2023-12-18 12:35:51
42.7,59.92,830.9,1.71,26.20,49.00,8.2,3.59,2023-12-18 12:35:56
70.9,57.94,78.2,0.16,26.20,49.00,0.77,4.2,2023-12-18 12:36:01
57.8,282.72,319.8,1.3,26.20,49.00,6.25,0.04,2023-12-18 12:36:07
76.7,210.79,227.5,1.8,26.20,49.00,8.65,6.15,2023-12-18 12:36:12
83.7,90.95,762.9,0.25,26.20,49.00,1.18,4.36,2023-12-18 12:36:18
20.5,59.13,40.5,1.15,26.20,49.00,5.55,4.69,2023-12-18 12:36:23
68.9,11.4,225.8,1.34,26.20,49.00,6.43,3.33,2023-12-18 12:36:29
34.2,111.98,55.8,1.34,26.20,49.00,6.44,0.87,2023-12-18 12:36:34
61.4,189.3,804.5,1.17,26.20,49.00,5.61,5.57,2023-12-18 12:36:39
20.2,84.5,771.2,0.17,26.20,49.00,0.84,2.32,2023-12-18 12:36:45
66.1,282.67,790.7,0.53,26.20,49.00,2.56,2.83,2023-12-18 12:36:50
26.2,287.03,109.5,0.14,25.90,49.00,0.68,3.79,2023-12-18 12:36:56
38.7,240.17,498.1,0.82,25.80,49.00,3.93,2.35,2023-12-18 12:37:01
65.9,266.2,713.8,1.13,25.80,49.00,5.45,0.72,2023-12-18 12:37:17
21.6,273.19,286.7,1.65,25.80,49.00,7.91,0.55,2023-12-18 12:37:22
57.2,52.91,416.7,0.88,25.80,49.00,4.21,5.23,2023-12-18 12:37:28
23.3,219.93,415.6,1.95,25.80,49.00,9.37,3.62,2023-12-18 12:37:33
36.2,80.01,552.2,1.42,25.80,49.00,6.84,4.31,2023-12-18 12:37:38
43.8,224.77,850.8,1.64,25.80,49.00,7.88,0.95,2023-12-18 12:37:44
22.1,119.21,452.7,1.45,25.80,49.00,6.97,0.54,2023-12-18 12:37:49
20.1,139.63,64.7,1.32,25.80,49.00,6.36,3.08,2023-12-18 12:37:55
50.1,2.84,415.8,0.52,25.80,49.00,2.48,6.09,2023-12-18 12:38:00
58.4,86.61,210.4,0.12,25.80,49.00,0.56,1.0,2023-12-18 12:38:06
81.1,115.26,9.7,0.12,25.80,49.00,0.6,0.09,2023-12-18 12:38:11
82.0,193.54,112.9,0.44,25.80,49.00,2.11,3.02,2023-12-18 12:38:16
65.1,152.91,850.3,1.14,25.80,49.00,5.48,1.45,2023-12-18 12:38:22
76.4,158.31,796.8,0.47,25.80,49.00,2.28,5.01,2023-12-18 12:38:27
89.9,168.99,477.8,0.12,25.80,49.00,0.58,3.58,2023-12-18 12:38:33
53.1,70.46,593.7,0.52,25.80,49.00,2.51,0.13,2023-12-18 12:38:38
63.7,84.53,49.9,0.9,25.80,49.00,4.31,1.28,2023-12-18 12:38:43
40.2,236.72,648.5,0.73,25.80,49.00,3.53,3.52,2023-12-18 12:38:49
25.7,118.24,793.7,0.69,25.80,49.00,3.32,2.45,2023-12-18 12:38:54
85.2,210.71,158.8,0.3,25.80,49.00,1.42,3.62,2023-12-18 12:39:00
82.8,263.88,569.7,0.3,25.80,49.00,1.46,4.99,2023-12-18 12:39:05
20.2,189.85,106.4,1.05,25.80,49.00,5.05,2.43,2023-12-18 12:39:11
91.8,136.12,616.8,1.38,25.80,49.00,6.63,6.12,2023-12-18 12:39:17
20.2,56.58,290.2,0.19,25.80,49.00,0.89,3.37,2023-12-18 12:39:22
35.5,116.08,160.8,1.51,25.80,49.00,7.27,4.08,2023-12-18 12:39:27
90.3,16.47,66.3,0.2,25.80,49.00,0.96,1.78,2023-12-18 12:39:33
43.7,181.78,663.9,1.02,25.80,49.00,4.92,4.05,2023-12-18 12:39:38
49.3,32.57,763.8,0.77,25.80,49.00,3.71,0.26,2023-12-18 12:39:44
58.6,139.58,429.1,1.46,25.80,49.00,7.01,1.94,2023-12-18 12:39:49
80.3,80.17,341.8,0.4,25.80,49.00,1.93,0.61,2023-12-18 12:39:54
87.7,157.66,328.4,1.41,25.80,49.00,6.79,3.38,2023-12-18 12:40:00
21.3,175.06,735.4,0.85,25.80,49.00,4.09,6.21,2023-12-18 12:40:05
21.9,209.42,826.1,1.29,25.80,49.00,6.18,4.58,2023-12-18 12:40:11
91.2,20.74,539.4,0.21,25.80,49.00,1.01,2.99,2023-12-18 12:40:16
71.9,162.98,661.1,1.41,25.80,49.00,6.77,1.84,2023-12-18 12:40:21
20.2,46.79,675.7,1.29,25.80,49.00,6.19,4.76,2023-12-18 12:40:27
76.6,113.78,768.6,1.09,25.80,49.00,5.26,2.36,2023-12-18 12:40:35
49.9,155.41,111.0,1.86,25.80,49.00,8.93,1.37,2023-12-18 12:40:40
93.0,164.03,797.2,0.34,25.80,49.00,1.62,3.81,2023-12-18 12:40:46
60.2,33.51,281.9,0.81,25.80,49.00,3.88,3.97,2023-12-18 12:40:51
27.9,78.38,598.4,0.48,25.80,49.00,2.32,5.51,2023-12-18 12:40:56
65.9,286.44,130.0,0.53,25.80,49.00,2.53,4.32,2023-12-18 12:41:02
71.9,290.92,103.4,1.8,25.80,49.00,8.65,6.04,2023-12-18 12:41:07
92.7,31.0,289.4,1.88,25.80,49.00,9.02,5.57,2023-12-18 12:41:12
26.7,10.39,606.6,1.03,25.80,49.00,4.95,4.87,2023-12-18 12:41:18
85.8,83.03,814.1,1.25,25.80,49.00,6.03,4.04,2023-12-18 12:41:23
74.0,247.58,515.4,0.15,25.80,49.00,0.74,6.0,2023-12-18 12:41:29
43.7,184.12,574.5,0.24,25.80,49.00,1.16,1.73,2023-12-18 12:41:34
49.3,83.89,185.9,0.25,25.80,49.00,1.2,2.94,2023-12-18 12:41:40
30.5,179.02,563.2,1.28,25.80,49.00,6.17,2.93,2023-12-18 12:41:45
78.0,66.93,742.5,0.25,25.80,49.00,1.19,2.89,2023-12-18 12:41:51
52.6,21.69,419.3,0.42,25.80,49.00,2.01,2.18,2023-12-18 12:41:56
50.3,55.89,688.8,1.57,25.80,49.00,7.56,4.69,2023-12-18 12:42:01
95.6,94.9,47.2,0.15,25.80,49.00,0.71,3.33,2023-12-18 12:42:07
93.4,67.78,114.0,1.91,25.80,49.00,9.19,5.3,2023-12-18 12:42:12
54.9,194.44,622.9,1.77,25.80,49.00,8.53,4.54,2023-12-18 12:42:18
40.9,154.54,65.4,0.38,25.80,49.00,1.81,0.47,2023-12-18 12:42:23
79.0,232.85,617.6,0.58,25.80,49.00,2.79,5.98,2023-12-18 12:42:28
65.7,205.54,319.3,0.24,25.80,49.00,1.14,0.22,2023-12-18 12:42:34
35.3,260.88,268.5,1.04,25.80,49.00,5.0,1.79,2023-12-18 12:42:39
86.4,36.52,826.5,1.5,25.80,49.00,7.21,0.28,2023-12-18 12:42:44
38.2,289.26,166.7,1.65,25.80,49.00,7.92,0.91,2023-12-18 12:42:50
69.1,83.52,231.9,0.35,25.80,49.00,1.69,5.15,2023-12-18 12:42:55
30.2,128.07,661.6,1.15,25.80,49.00,5.54,0.6,2023-12-18 12:43:00
21.8,126.72,347.8,1.42,25.80,49.00,6.84,0.08,2023-12-18 12:43:06
38.1,41.76,279.5,1.31,25.80,49.00,6.3,4.94,2023-12-18 12:43:41
77.2,41.85,569.6,1.46,25.80,49.00,7.01,5.52,2023-12-18 12:43:47
45.2,213.25,589.5,1.91,25.80,49.00,9.18,2.51,2023-12-18 12:43:52
66.1,8.87,308.6,1.55,25.80,49.00,7.46,6.36,2023-12-18 12:43:57
49.6,87.42,369.6,1.03,25.80,49.00,4.94,2.44,2023-12-18 12:44:03
56.6,176.28,410.3,1.33,25.80,49.00,6.38,1.81,2023-12-18 12:48:22
64.5,210.34,13.6,0.51,25.80,49.00,2.45,4.1,2023-12-18 12:48:27
95.9,182.88,762.3,0.15,25.80,49.00,0.73,0.94,2023-12-18 12:48:32
38.4,19.7,192.8,0.19,25.80,49.00,0.91,1.2,2023-12-18 12:48:38
87.9,223.14,811.7,1.08,25.80,49.00,5.18,5.87,2023-12-18 12:48:43
52.5,240.08,361.5,1.33,25.80,49.00,6.39,4.07,2023-12-18 12:48:49
84.6,243.7,294.8,1.86,25.80,49.00,8.96,0.19,2023-12-18 12:48:54
59.8,3.11,11.5,1.29,25.80,49.00,6.19,2.19,2023-12-18 12:49:02
68.6,41.54,844.9,0.37,25.80,49.00,1.79,0.35,2023-12-18 12:49:08
48.4,128.44,777.2,0.92,25.80,49.00,4.41,3.69,2023-12-18 12:49:13
86.3,222.25,20.7,1.6,25.80,49.00,7.7,2.55,2023-12-18 12:49:19
35.0,161.65,402.5,0.38,25.80,49.00,1.85,0.38,2023-12-18 12:49:24
28.1,86.19,453.2,1.42,25.80,49.00,6.83,2.42,2023-12-18 12:49:29
91.0,149.31,198.3,0.41,25.80,49.00,1.97,2.9,2023-12-18 12:49:35
46.9,51.09,63.0,0.93,25.80,49.00,4.49,2.69,2023-12-18 12:49:40
23.6,100.68,837.8,1.31,25.80,49.00,6.28,4.42,2023-12-18 12:49:45
83.0,126.65,80.4,0.67,26.00,49.00,3.21,1.52,2023-12-18 12:49:51
33.4,145.71,159.7,0.57,26.10,49.00,2.76,4.74,2023-12-18 12:49:56
38.0,267.74,677.2,1.76,26.20,49.00,8.45,4.45,2023-12-18 12:50:02
51.2,261.35,41.7,1.11,26.20,49.00,5.33,6.18,2023-12-18 12:50:07
92.2,131.37,11.7,1.49,26.20,49.00,7.15,5.14,2023-12-18 12:50:12
76.7,69.04,366.7,1.73,26.20,49.00,8.31,1.52,2023-12-18 12:50:18
49.5,279.38,216.5,0.21,26.20,49.00,1.02,1.1,2023-12-18 12:50:23
79.8,4.54,732.1,1.11,26.20,49.00,5.33,4.31,2023-12-18 12:50:29
30.4,28.86,525.4,1.46,26.20,49.00,7.01,0.9,2023-12-18 12:50:34
87.8,88.78,858.0,0.15,26.20,49.00,0.73,5.11,2023-12-18 12:50:50
27.2,151.36,277.7,0.12,26.20,49.00,0.56,6.35,2023-12-18 12:50:55
83.0,229.86,785.1,0.21,26.20,49.00,1.0,1.91,2023-12-18 12:51:00
44.0,230.43,206.7,1.89,26.20,49.00,9.08,1.74,2023-12-18 12:51:06
25.5,5.73,332.5,1.16,26.20,49.00,5.6,4.01,2023-12-18 12:51:11
29.6,29.52,218.2,0.58,26.20,49.00,2.8,3.16,2023-12-18 12:51:17
33.8,70.89,479.7,1.79,26.20,49.00,8.59,0.79,2023-12-18 12:51:22
20.5,122.2,391.2,1.44,26.20,49.00,6.93,5.81,2023-12-18 12:51:28
43.2,38.46,131.7,1.57,26.20,49.00,7.56,0.64,2023-12-18 12:51:33
79.5,210.42,601.4,0.18,26.20,49.00,0.87,0.45,2023-12-18 12:51:38
64.9,53.34,835.0,0.68,26.20,49.00,3.25,0.97,2023-12-18 12:51:47
48.6,165.31,306.1,1.02,26.20,49.00,4.92,4.19,2023-12-18 12:51:52
75.5,218.64,542.6,0.43,26.20,49.00,2.05,2.68,2023-12-18 12:51:57
55.4,113.84,839.1,0.52,26.20,49.00,2.5,5.9,2023-12-18 12:52:03
67.6,118.55,352.0,0.27,26.20,49.00,1.28,3.6,2023-12-18 12:52:08
66.8,20.36,32.8,0.84,26.20,49.00,4.05,1.13,2023-12-18 12:52:13
91.1,122.6,241.9,1.26,26.20,49.00,6.06,2.91,2023-12-18 12:52:19
50.5,251.73,569.3,0.36,26.20,49.00,1.74,2.66,2023-12-18 12:52:24
80.9,262.43,484.4,0.16,26.20,49.00,0.76,3.14,2023-12-18 12:52:30
52.0,267.49,366.4,0.96,26.20,49.00,4.63,0.14,2023-12-18 12:52:35
61.5,90.79,375.6,1.49,26.20,49.00,7.16,4.38,2023-12-18 12:52:41
23.0,275.14,183.8,0.64,26.20,49.00,3.1,0.46,2023-12-18 12:52:46
88.9,86.34,485.0,1.36,26.20,49.00,6.54,2.38,2023-12-18 12:52:51
54.9,10.55,700.6,0.91,26.00,49.00,4.36,4.53,2023-12-18 12:52:57
77.1,237.99,206.8,1.58,25.80,49.00,7.6,5.33,2023-12-18 12:53:02
40.9,24.31,72.0,0.71,25.80,49.00,3.41,3.32,2023-12-18 12:53:07
62.3,134.24,415.0,1.39,25.80,49.00,6.7,0.95,2023-12-18 12:53:13
38.5,240.61,197.7,1.25,25.80,49.00,5.99,3.1,2023-12-18 12:53:18
41.6,73.43,460.1,0.35,25.80,49.00,1.7,0.35,2023-12-18 12:53:23
60.6,93.75,531.8,0.35,25.80,49.00,1.66,5.02,2023-12-18 12:53:29
38.7,285.87,209.5,1.25,25.80,49.00,6.02,3.87,2023-12-18 12:53:34
33.8,143.98,304.5,1.68,25.80,49.00,8.07,5.23,2023-12-18 12:53:40
84.7,78.78,506.4,0.21,25.80,49.00,1.0,1.61,2023-12-18 12:53:45
27.1,74.92,284.4,1.47,25.80,49.00,7.09,4.03,2023-12-18 12:53:51
38.0,263.72,643.8,0.22,25.80,49.00,1.07,4.18,2023-12-18 12:53:56
75.4,118.29,345.7,0.51,25.80,49.00,2.45,4.97,2023-12-18 12:54:01
85.4,249.51,251.8,0.22,25.80,49.00,1.08,2.25,2023-12-18 12:54:07
69.5,151.03,552.2,0.6,25.80,49.00,2.88,0.32,2023-12-18 12:54:12
82.0,253.57,744.7,1.06,25.80,49.00,5.09,4.23,2023-12-18 12:54:18
51.4,87.66,41.3,0.89,25.80,49.00,4.3,6.06,2023-12-18 12:54:23
95.0,71.03,651.1,1.28,25.80,49.00,6.15,4.55,2023-12-18 12:54:28
28.4,231.36,518.5,1.45,25.80,49.00,6.98,5.47,2023-12-18 12:54:34
47.5,92.61,62.3,0.57,25.80,49.00,2.72,5.33,2023-12-18 12:54:39
83.2,135.42,458.4,0.44,25.80,49.00,2.12,2.2,2023-12-18 12:54:45
42.0,15.49,529.5,0.49,25.80,49.00,2.36,4.73,2023-12-18 12:54:50
92.4,245.35,15.8,1.51,25.80,49.00,7.26,1.39,2023-12-18 12:54:56
69.8,134.49,273.3,1.08,25.80,49.00,5.2,1.85,2023-12-18 12:55:01
93.8,39.4,707.5,1.82,25.80,49.00,8.76,2.53,2023-12-18 12:55:06
94.6,45.72,80.8,0.98,25.80,49.00,4.71,0.62,2023-12-18 12:55:12
86.2,47.15,374.7,1.35,25.80,49.00,6.51,1.76,2023-12-18 12:55:17
57.2,234.94,525.9,1.05,25.80,49.00,5.07,6.16,2023-12-18 12:55:23
62.9,58.5,176.6,1.75,25.80,49.00,8.39,4.31,2023-12-18 12:55:28
55.2,60.59,658.5,0.45,25.80,49.00,2.14,5.73,2023-12-18 12:55:33
38.2,116.16,78.6,1.21,25.80,49.00,5.8,5.93,2023-12-18 12:55:39
77.5,4.35,715.8,0.13,25.80,49.00,0.62,2.7,2023-12-18 12:55:44
60.3,154.68,308.3,0.81,25.80,49.00,3.91,3.26,2023-12-18 12:55:50
48.6,73.72,213.3,1.43,25.80,49.00,6.86,3.19,2023-12-18 12:55:55
77.9,95.67,95.6,1.68,25.80,49.00,8.08,4.62,2023-12-18 12:56:00
31.6,218.5,125.6,1.83,25.50,49.00,8.78,2.54,2023-12-18 12:56:06
46.2,88.96,267.6,0.27,25.30,49.00,1.31,0.01,2023-12-18 12:56:11
37.7,171.24,709.6,0.45,25.30,49.00,2.18,1.78,2023-12-18 12:56:57
87.7,177.57,358.3,1.13,25.30,49.00,5.45,6.0,2023-12-18 12:57:02
27.3,163.1,276.4,1.54,25.30,49.00,7.41,1.63,2023-12-18 12:57:08
74.5,275.05,662.5,0.27,25.30,49.00,1.31,1.26,2023-12-18 12:57:13
27.2,109.0,852.3,0.91,25.30,49.00,4.39,5.69,2023-12-18 12:57:18
36.1,62.51,509.3,0.58,25.30,49.00,2.77,1.76,2023-12-18 12:57:24
32.3,135.23,549.9,0.82,25.30,49.00,3.93,1.71,2023-12-18 12:57:29
96.1,56.11,853.0,0.8,25.30,49.00,3.84,2.03,2023-12-18 12:57:35
45.8,9.51,652.1,0.79,25.30,49.00,3.82,0.03,2023-12-18 12:57:40
68.9,267.04,631.5,0.41,25.30,49.00,1.98,0.23,2023-12-18 12:57:45
77.0,254.38,399.2,1.31,25.30,49.00,6.31,4.99,2023-12-18 12:57:51
33.8,174.12,856.2,1.31,25.30,49.00,6.32,3.7,2023-12-18 12:57:56
93.6,164.32,707.2,1.63,25.30,49.00,7.82,0.44,2023-12-18 12:58:01
79.6,188.22,279.1,1.07,25.30,49.00,5.15,4.61,2023-12-18 12:58:07
89.7,228.76,647.4,0.74,25.30,49.00,3.54,1.01,2023-12-18 12:58:12
92.4,143.46,237.4,1.55,25.30,49.00,7.44,0.7,2023-12-18 12:58:18
79.3,182.37,131.1,0.76,25.30,49.00,3.65,6.13,2023-12-18 13:00:26
33.2,121.33,649.4,1.29,25.60,49.00,6.19,1.07,2023-12-18 13:00:32
92.1,7.52,847.9,1.36,25.80,49.00,6.55,4.17,2023-12-18 13:00:37
96.0,22.34,646.7,1.58,25.80,49.00,7.6,4.32,2023-12-18 13:00:43
19.9,205.9,317.6,1.0,25.80,49.00,4.83,4.54,2023-12-18 13:00:48
81.7,81.4,647.7,1.79,25.80,49.00,8.6,2.9,2023-12-18 13:00:53
69.7,243.03,725.5,0.59,25.80,49.00,2.86,2.26,2023-12-18 13:00:59
56.9,113.5,358.7,0.59,25.80,49.00,2.82,2.51,2023-12-18 13:01:04
93.5,165.91,89.1,1.68,25.80,49.00,8.07,0.88,2023-12-18 13:01:10
50.0,18.08,489.8,0.99,25.80,49.00,4.74,5.76,2023-12-18 13:01:15
76.6,180.81,628.2,0.54,25.80,49.00,2.59,0.54,2023-12-18 13:01:21
69.1,51.29,824.1,0.98,25.80,49.00,4.69,2.92,2023-12-18 13:01:26
69.9,210.76,531.8,0.3,25.80,49.00,1.42,0.06,2023-12-18 13:01:31
80.7,275.4,525.8,0.93,25.80,49.00,4.48,0.4,2023-12-18 13:01:37
43.1,151.74,489.2,1.4,25.80,49.00,6.72,4.78,2023-12-18 13:01:42
57.5,12.11,731.3,1.41,25.80,49.00,6.76,0.87,2023-12-18 13:01:48
95.7,207.63,785.9,1.2,25.80,49.00,5.76,0.45,2023-12-18 13:01:53
90.6,264.88,287.1,1.78,25.80,49.00,8.54,4.03,2023-12-18 13:01:59
26.3,269.78,679.0,0.86,25.80,49.00,4.14,3.06,2023-12-18 13:02:04
73.4,63.43,773.2,0.64,25.80,49.00,3.06,1.82,2023-12-18 13:02:10
44.6,57.16,806.5,0.16,25.80,49.00,0.77,2.1,2023-12-18 13:02:15
92.5,75.91,197.1,0.34,25.80,49.00,1.65,5.18,2023-12-18 13:02:21
80.3,277.76,157.1,0.45,25.80,49.00,2.15,5.29,2023-12-18 13:02:26
71.7,15.7,381.6,0.42,25.80,49.00,2.04,4.84,2023-12-18 13:02:32
42.9,138.78,255.1,0.16,25.80,49.00,0.75,1.14,2023-12-18 13:03:07
94.1,259.41,63.3,0.48,26.20,49.00,2.29,2.46,2023-12-18 13:03:12
40.0,236.8,261.6,1.62,26.20,49.00,7.77,4.25,2023-12-18 13:03:18
74.6,268.44,471.1,0.59,26.20,49.00,2.86,2.57,2023-12-18 13:03:23
85.8,204.23,583.5,0.64,26.20,49.00,3.09,4.2,2023-12-18 13:03:29
29.7,93.04,395.1,0.75,26.20,49.00,3.6,4.82,2023-12-18 13:03:34
44.1,116.23,812.8,0.85,26.20,49.00,4.1,5.62,2023-12-18 13:03:39
42.8,182.34,228.3,0.45,26.20,49.00,2.18,4.71,2023-12-18 13:03:45
38.2,95.22,194.4,0.22,26.20,49.00,1.04,2.8,2023-12-18 13:03:50
82.6,131.85,806.7,0.71,26.20,49.00,3.42,4.72,2023-12-18 13:03:56
59.8,108.95,831.3,0.78,26.20,49.00,3.76,0.71,2023-12-18 13:04:02
38.3,9.6,90.7,1.55,26.20,49.00,7.44,3.47,2023-12-18 13:04:07
54.9,235.5,440.5,0.25,26.20,49.00,1.2,1.83,2023-12-18 13:04:12
74.6,49.7,182.5,0.5,26.20,49.00,2.38,4.36,2023-12-18 13:04:18
47.9,129.04,217.7,1.66,26.20,49.00,7.96,4.24,2023-12-18 13:04:24
34.1,250.64,576.6,0.57,26.20,49.00,2.76,1.88,2023-12-18 13:04:29
30.8,257.02,679.8,1.79,26.20,49.00,8.61,1.95,2023-12-18 13:04:34
85.7,91.72,108.2,0.67,26.20,49.00,3.23,4.63,2023-12-18 13:04:40
36.2,166.51,847.3,0.3,26.30,49.00,1.44,6.11,2023-12-18 13:04:45
83.3,52.87,743.9,0.58,26.30,49.00,2.8,5.86,2023-12-18 13:04:51
63.7,237.84,851.5,0.21,26.70,49.00,1.0,2.21,2023-12-18 13:04:56
68.5,31.29,742.5,0.69,26.70,49.00,3.3,3.1,2023-12-18 13:05:01
85.5,253.23,169.8,1.22,26.70,49.00,5.85,4.32,2023-12-18 13:05:07
88.7,48.28,208.8,1.2,26.70,49.00,5.78,4.85,2023-12-18 13:05:12
36.3,140.67,722.7,0.79,26.70,49.00,3.81,2.73,2023-12-18 13:05:18
54.7,225.31,621.0,1.43,26.70,49.00,6.89,3.23,2023-12-18 13:05:23
51.6,141.92,335.2,1.07,26.70,49.00,5.13,1.43,2023-12-18 13:05:28
57.3,96.88,696.0,1.09,26.70,49.00,5.25,2.75,2023-12-18 13:05:34
56.2,204.23,91.3,1.58,26.70,49.00,7.58,1.79,2023-12-18 13:05:39
92.3,99.09,21.1,0.3,26.70,49.00,1.43,0.15,2023-12-18 13:05:45
91.0,83.31,349.5,0.97,26.70,49.00,4.67,3.17,2023-12-18 13:05:50
51.4,143.63,269.3,0.78,26.70,49.00,3.76,1.78,2023-12-18 13:05:55
39.4,27.64,464.8,1.68,26.70,49.00,8.1,0.78,2023-12-18 13:06:01
20.0,24.94,342.5,1.39,26.70,49.00,6.69,3.12,2023-12-18 13:06:06
57.0,70.59,687.1,1.54,26.70,49.00,7.41,2.67,2023-12-18 13:06:12
81.9,133.38,35.3,0.27,26.70,49.00,1.28,0.52,2023-12-18 13:06:17
89.2,14.39,734.9,0.9,26.70,49.00,4.32,0.94,2023-12-18 13:06:22
74.0,47.76,311.0,0.86,26.70,49.00,4.14,6.11,2023-12-18 13:06:28
50.4,153.37,620.6,0.52,26.70,49.00,2.49,3.62,2023-12-18 13:06:33
45.0,232.28,194.0,0.9,26.70,49.00,4.33,3.36,2023-12-18 13:06:39
96.0,116.16,854.5,1.59,26.70,49.00,7.65,2.85,2023-12-18 13:06:44
91.8,26.17,369.0,0.09,26.70,49.00,0.42,3.19,2023-12-18 13:06:50
26.9,157.26,408.9,1.11,26.70,49.00,5.32,5.02,2023-12-18 13:06:55
76.3,39.59,180.8,0.16,26.70,49.00,0.79,2.05,2023-12-18 13:07:10
43.5,196.09,323.2,0.87,26.70,49.00,4.17,1.4,2023-12-18 13:07:16
41.7,84.32,713.9,1.2,26.70,48.00,5.79,5.23,2023-12-18 13:07:21
94.8,116.94,263.9,0.2,26.70,48.00,0.96,2.99,2023-12-18 13:07:26
37.7,83.41,458.2,0.63,26.70,48.00,3.04,1.73,2023-12-18 13:07:32
48.7,164.82,816.7,1.71,26.70,48.00,8.21,1.48,2023-12-18 13:07:37
82.1,252.03,163.9,0.45,26.70,48.00,2.16,4.54,2023-12-18 13:07:42
87.0,175.57,415.4,0.73,26.70,48.00,3.53,3.64,2023-12-18 13:07:48
39.9,174.16,52.6,1.4,26.70,48.00,6.72,2.29,2023-12-18 13:07:53
22.0,221.23,213.1,1.28,26.70,48.00,6.13,5.87,2023-12-18 13:07:59
20.8,170.54,572.3,1.54,26.70,48.00,7.38,0.38,2023-12-18 13:08:04
30.1,57.89,447.4,0.72,26.70,48.00,3.46,5.02,2023-12-18 13:08:10
26.1,94.48,585.9,1.89,26.70,48.00,9.1,2.74,2023-12-18 13:08:15
65.3,274.15,562.3,1.35,26.70,48.00,6.5,3.41,2023-12-18 13:08:20
70.7,37.94,580.2,0.91,26.70,48.00,4.38,3.88,2023-12-18 13:08:26
39.7,123.14,696.8,0.28,26.70,48.00,1.33,6.38,2023-12-18 13:08:34
93.7,160.99,778.8,0.86,26.70,48.00,4.12,4.58,2023-12-18 13:08:39
41.9,196.84,765.4,0.11,26.30,49.00,0.51,5.64,2023-12-18 13:08:45
21.8,189.33,738.4,1.19,26.20,49.00,5.7,5.34,2023-12-18 13:08:50
92.2,160.06,346.1,0.58,26.20,49.00,2.81,5.86,2023-12-18 13:08:56
57.5,156.03,186.4,1.67,26.20,49.00,8.05,3.21,2023-12-18 13:09:01
81.7,116.14,791.0,1.57,26.20,49.00,7.56,2.23,2023-12-18 13:09:06
35.6,168.11,344.7,0.22,26.20,49.00,1.07,0.64,2023-12-18 13:09:12
37.7,202.34,592.0,1.44,26.20,49.00,6.93,0.98,2023-12-18 13:09:17
28.2,159.56,208.8,1.12,26.20,49.00,5.4,5.73,2023-12-18 13:09:23
69.8,114.13,253.1,1.94,26.20,49.00,9.31,1.83,2023-12-18 13:09:28
84.8,63.97,341.3,1.3,26.20,49.00,6.26,1.58,2023-12-18 13:09:33
42.9,37.36,492.0,1.15,26.20,49.00,5.55,1.02,2023-12-18 13:09:39
53.1,59.63,202.7,1.73,26.20,49.00,8.31,2.35,2023-12-18 13:09:44
88.4,288.63,763.2,1.52,26.20,49.00,7.32,3.72,2023-12-18 13:09:50
29.2,222.15,817.4,0.49,26.20,49.00,2.36,0.27,2023-12-18 13:09:55
95.6,183.89,455.8,1.51,26.20,49.00,7.27,6.0,2023-12-18 13:10:00
63.2,222.66,285.1,0.46,26.20,49.00,2.21,0.44,2023-12-18 13:10:06
27.7,124.39,567.3,1.4,26.20,49.00,6.75,0.91,2023-12-18 13:10:11
23.7,23.72,559.2,0.86,26.20,49.00,4.15,5.7,2023-12-18 13:10:17
87.6,138.65,505.1,1.02,26.20,49.00,4.9,1.99,2023-12-18 13:10:22
39.8,89.81,84.3,1.33,26.20,49.00,6.4,6.36,2023-12-18 13:10:28
56.7,169.18,751.3,0.26,26.20,49.00,1.27,2.26,2023-12-18 13:10:33
54.2,55.73,513.6,1.62,26.20,49.00,7.8,6.3,2023-12-18 13:10:38
89.2,80.19,488.0,0.59,26.20,49.00,2.86,6.17,2023-12-18 13:10:44
75.5,10.96,545.9,1.61,26.20,49.00,7.73,6.3,2023-12-18 13:10:49
82.4,184.26,344.9,1.53,26.20,49.00,7.36,2.65,2023-12-18 13:10:54
63.9,165.15,377.9,0.87,26.20,49.00,4.2,4.39,2023-12-18 13:11:00
60.2,211.32,320.0,0.8,26.20,49.00,3.87,0.72,2023-12-18 13:11:05
50.7,166.85,371.5,0.8,26.20,49.00,3.83,1.99,2023-12-18 13:11:11
65.4,153.03,330.2,1.77,26.20,49.00,8.51,2.95,2023-12-18 13:11:16
84.0,254.34,25.6,1.08,26.20,49.00,5.2,2.01,2023-12-18 13:11:22
50.3,24.95,484.6,0.53,26.20,49.00,2.55,1.76,2023-12-18 13:11:27
91.5,81.66,533.6,1.06,26.20,49.00,5.11,2.22,2023-12-18 13:11:33
78.3,82.32,792.9,1.12,26.20,49.00,5.37,0.59,2023-12-18 13:11:38
61.0,264.85,327.8,1.68,26.20,49.00,8.1,5.41,2023-12-18 13:11:44
44.5,143.37,780.1,1.15,26.20,49.00,5.53,3.9,2023-12-18 13:11:49
20.3,251.94,284.2,1.49,26.20,49.00,7.17,4.36,2023-12-18 13:11:54
37.6,100.03,735.7,1.86,26.20,49.00,8.93,4.26,2023-12-18 13:12:00
32.5,209.42,612.5,1.52,26.20,49.00,7.33,1.81,2023-12-18 13:12:05
88.8,51.94,177.4,1.17,26.20,49.00,5.61,2.61,2023-12-18 13:12:11
72.9,84.24,162.3,0.73,26.20,49.00,3.5,1.72,2023-12-18 13:12:16
52.0,70.26,285.2,1.77,26.20,49.00,8.53,5.59,2023-12-18 13:12:22
68.3,182.8,557.6,0.14,26.20,49.00,0.66,5.83,2023-12-18 13:12:27
41.6,14.43,30.0,1.74,26.20,49.00,8.35,0.35,2023-12-18 13:12:32
87.8,287.29,590.0,1.19,26.20,49.00,5.7,3.9,2023-12-18 13:12:38
36.5,167.17,708.3,0.45,26.20,49.00,2.16,0.14,2023-12-18 13:12:43
88.0,25.39,284.3,1.4,26.20,49.00,6.71,1.15,2023-12-18 13:12:49
75.6,141.14,88.4,1.81,26.20,49.00,8.72,5.09,2023-12-18 13:12:54
56.3,272.1,460.0,1.87,26.20,49.00,9.01,2.15,2023-12-18 13:12:59
95.7,142.64,388.6,1.26,26.20,49.00,6.07,6.09,2023-12-18 13:13:05
34.7,251.16,364.4,1.65,26.20,49.00,7.94,4.39,2023-12-18 13:13:10
23.9,203.04,564.7,0.6,26.20,49.00,2.9,3.51,2023-12-18 13:13:16
52.7,287.45,77.6,0.36,26.20,49.00,1.72,3.08,2023-12-18 13:13:21
53.0,50.23,312.2,1.8,26.20,49.00,8.66,2.65,2023-12-18 13:13:27
20.8,58.88,88.7,0.78,26.20,49.00,3.77,1.55,2023-12-18 13:13:32
94.4,95.09,495.1,0.2,26.20,49.00,0.97,5.05,2023-12-18 13:13:37
90.0,191.53,405.8,0.97,26.20,49.00,4.65,3.03,2023-12-18 13:13:43
54.7,109.01,282.7,0.2,26.20,49.00,0.94,3.23,2023-12-18 13:13:48
81.9,264.99,536.3,1.09,26.20,49.00,5.22,2.76,2023-12-18 13:13:53
87.0,66.44,180.9,0.97,26.20,49.00,4.68,1.01,2023-12-18 13:13:59
23.6,30.41,389.1,1.52,26.20,49.00,7.29,1.14,2023-12-18 13:14:04
66.9,13.48,532.8,0.48,26.20,49.00,2.33,5.13,2023-12-18 13:14:09
26.4,188.99,349.4,0.93,26.20,49.00,4.45,1.23,2023-12-18 13:14:15
25.6,284.75,749.3,0.43,26.20,49.00,2.06,4.43,2023-12-18 13:14:20
61.4,222.38,259.6,0.19,26.20,49.00,0.92,4.9,2023-12-18 13:14:26
32.2,196.74,419.3,1.41,26.20,49.00,6.76,2.74,2023-12-18 13:14:31
42.2,11.47,426.0,1.55,26.20,49.00,7.45,3.22,2023-12-18 13:14:36
73.1,217.79,589.9,1.26,26.20,49.00,6.07,0.54,2023-12-18 13:14:42
54.9,85.08,827.9,1.6,26.20,49.00,7.67,1.33,2023-12-18 13:14:47
42.6,45.17,80.6,0.32,26.20,49.00,1.56,4.05,2023-12-18 13:14:53
63.0,40.48,739.4,1.82,26.20,49.00,8.76,5.64,2023-12-18 13:14:58
83.7,146.5,691.5,0.64,26.20,49.00,3.1,3.17,2023-12-18 13:15:04
39.8,85.95,515.1,1.35,26.20,49.00,6.47,0.61,2023-12-18 13:15:09
35.2,284.89,33.1,0.27,26.20,49.00,1.32,1.13,2023-12-18 13:15:14
57.4,112.24,216.4,0.1,26.20,49.00,0.47,1.83,2023-12-18 13:15:20
61.7,109.62,436.7,0.97,26.20,49.00,4.64,6.36,2023-12-18 13:15:25
50.9,236.67,484.0,1.68,26.20,49.00,8.1,0.92,2023-12-18 13:15:31
51.9,2.77,721.2,0.52,26.20,49.00,2.48,0.43,2023-12-18 13:15:36
66.8,107.39,34.0,0.82,26.20,49.00,3.95,2.9,2023-12-18 13:15:42
74.8,290.83,776.3,0.17,26.20,49.00,0.82,5.3,2023-12-18 13:15:47
67.6,264.92,60.3,1.26,26.20,49.00,6.04,3.17,2023-12-18 13:15:53
20.4,180.49,494.0,1.43,26.20,49.00,6.87,1.07,2023-12-18 13:15:58
80.8,260.19,631.1,0.44,26.20,49.00,2.12,5.96,2023-12-18 13:16:04
75.8,207.17,307.3,0.9,26.20,49.00,4.31,4.8,2023-12-18 13:16:09
64.4,185.14,283.7,1.67,26.20,49.00,8.05,5.28,2023-12-18 13:16:14
24.4,165.81,683.0,1.1,26.20,49.00,5.29,4.35,2023-12-18 13:16:20
33.8,179.76,368.7,0.11,26.20,49.00,0.52,5.73,2023-12-18 13:16:25
38.0,123.74,141.4,0.95,26.20,49.00,4.59,2.94,2023-12-18 13:16:31
73.3,60.25,503.6,0.45,26.20,49.00,2.16,1.38,2023-12-18 13:16:36
51.7,171.54,365.5,1.58,26.20,49.00,7.62,4.45,2023-12-18 13:16:42
45.2,18.65,17.4,1.03,26.20,49.00,4.96,3.94,2023-12-18 13:16:47
78.7,117.52,728.2,1.52,26.20,49.00,7.3,3.43,2023-12-18 13:16:52
67.9,98.53,34.7,0.39,26.20,49.00,1.89,5.0,2023-12-18 13:16:58
21.6,270.99,744.0,1.59,26.20,49.00,7.65,4.68,2023-12-18 13:17:03
90.2,206.0,216.2,0.12,26.20,49.00,0.6,0.62,2023-12-18 13:17:09
40.2,199.56,716.2,1.49,26.20,49.00,7.14,1.43,2023-12-18 13:17:14
54.9,190.7,278.7,0.71,26.20,49.00,3.42,3.1,2023-12-18 13:17:19
25.3,110.83,182.6,1.34,26.20,49.00,6.45,5.14,2023-12-18 13:17:25
85.1,112.27,281.9,1.67,26.20,49.00,8.02,4.0,2023-12-18 13:17:30
87.1,155.56,540.0,1.63,26.20,49.00,7.82,4.83,2023-12-18 13:17:36
76.4,277.57,715.5,0.86,26.20,49.00,4.12,6.23,2023-12-18 13:17:41
53.2,152.23,336.5,1.7,26.20,49.00,8.17,1.46,2023-12-18 13:17:46
31.8,258.35,685.7,1.04,26.20,49.00,5.02,5.35,2023-12-18 13:17:52
71.1,189.34,700.9,0.63,26.20,49.00,3.02,0.3,2023-12-18 13:17:58
78.7,170.29,574.8,1.9,26.20,49.00,9.13,5.11,2023-12-18 13:18:23
35.1,180.36,61.9,1.88,26.20,49.00,9.06,5.74,2023-12-18 13:18:28
75.6,276.05,587.7,0.58,26.20,49.00,2.78,2.85,2023-12-18 13:18:34
59.7,122.19,287.1,0.15,26.20,49.00,0.7,2.94,2023-12-18 13:18:39
78.7,134.75,332.4,0.93,26.20,49.00,4.48,3.55,2023-12-18 13:18:45
50.0,139.25,637.7,0.11,26.20,49.00,0.53,4.98,2023-12-18 13:18:50
74.9,12.61,807.3,0.21,26.20,49.00,1.02,2.79,2023-12-18 13:18:55
42.5,80.29,680.5,1.76,26.20,49.00,8.45,1.27,2023-12-18 13:19:01
68.0,272.11,270.9,0.67,26.10,49.00,3.21,2.75,2023-12-18 13:19:06
60.4,113.46,36.4,1.44,25.90,49.00,6.93,4.45,2023-12-18 13:19:12
87.4,3.46,591.8,0.36,25.80,49.00,1.74,5.2,2023-12-18 13:19:17
86.9,52.76,759.5,1.46,25.80,49.00,7.01,1.18,2023-12-18 13:19:23
94.3,60.55,694.1,0.43,25.80,49.00,2.07,4.79,2023-12-18 13:19:28
48.0,33.44,791.5,1.8,25.80,49.00,8.67,1.47,2023-12-18 13:19:34
91.8,220.96,584.0,0.46,25.80,49.00,2.2,5.58,2023-12-18 13:19:39
44.9,24.32,796.1,0.26,25.80,49.00,1.27,0.23,2023-12-18 13:19:45
37.8,90.17,667.5,1.94,25.80,49.00,9.32,4.38,2023-12-18 13:19:50
67.4,8.3,797.0,1.29,25.90,49.00,6.18,4.7,2023-12-18 13:19:56
64.3,136.08,9.6,1.04,26.00,49.00,5.0,2.06,2023-12-18 13:20:01
46.0,272.5,567.0,1.05,26.00,49.00,5.05,5.6,2023-12-18 13:20:07
63.1,179.06,582.7,1.5,26.10,49.00,7.23,1.7,2023-12-18 13:20:12
23.5,108.23,626.5,0.42,26.20,49.00,2.01,4.95,2023-12-18 13:20:18
45.2,268.82,586.0,1.33,26.20,49.00,6.4,3.49,2023-12-18 13:20:23
37.4,218.64,288.1,1.95,26.20,49.00,9.37,3.12,2023-12-18 13:20:28
21.9,227.23,581.9,0.52,26.20,49.00,2.5,0.93,2023-12-18 13:20:34
74.3,288.43,451.7,1.28,26.00,49.00,6.17,4.29,2023-12-18 13:20:39
80.7,101.97,568.7,0.57,25.90,49.00,2.75,3.3,2023-12-18 13:20:45
34.6,78.39,179.3,1.73,25.80,49.00,8.33,3.66,2023-12-18 13:20:50
51.6,146.29,407.4,0.83,25.80,49.00,4.0,1.89,2023-12-18 13:21:06
78.9,110.9,398.8,1.73,25.80,49.00,8.31,0.57,2023-12-18 13:21:11
26.4,157.15,601.1,0.48,25.80,49.00,2.29,2.35,2023-12-18 13:21:16
27.6,91.75,499.8,1.77,25.80,49.00,8.52,1.42,2023-12-18 13:21:22
32.3,259.04,519.0,0.38,25.80,49.00,1.84,4.29,2023-12-18 13:21:27
22.1,56.73,362.1,1.86,25.80,49.00,8.92,4.47,2023-12-18 13:21:33
57.5,87.19,829.2,0.79,25.80,49.00,3.79,0.48,2023-12-18 13:21:38
48.8,165.05,226.4,1.69,25.80,49.00,8.12,2.13,2023-12-18 13:21:44
80.6,2.92,849.1,1.41,25.80,49.00,6.79,0.41,2023-12-18 13:21:49
93.5,84.86,700.3,1.42,25.80,49.00,6.83,5.42,2023-12-18 13:21:54
51.8,254.22,819.6,0.68,25.80,49.00,3.25,1.56,2023-12-18 13:22:00
65.0,120.02,812.0,0.1,25.80,49.00,0.48,4.71,2023-12-18 13:22:05
33.5,145.9,124.3,1.52,25.80,49.00,7.31,5.01,2023-12-18 13:22:10
27.6,99.88,446.5,0.7,25.80,49.00,3.37,3.82,2023-12-18 13:22:16
85.3,38.72,761.0,1.38,25.80,49.00,6.62,0.23,2023-12-18 13:22:21
47.6,201.86,695.5,0.38,25.80,49.00,1.81,4.88,2023-12-18 13:22:27
40.6,220.06,121.7,1.71,25.90,49.00,8.21,4.37,2023-12-18 13:22:32
61.8,278.77,550.8,1.68,26.00,49.00,8.1,1.98,2023-12-18 13:22:37
74.6,121.88,756.8,1.25,26.00,49.00,5.99,2.64,2023-12-18 13:22:43
66.8,211.41,802.9,1.72,26.10,49.00,8.26,1.15,2023-12-18 13:22:48
49.5,142.34,623.9,0.34,26.20,49.00,1.62,1.28,2023-12-18 13:22:54
46.6,88.48,703.5,0.85,26.20,49.00,4.08,0.13,2023-12-18 13:22:59
66.0,31.94,769.0,1.61,26.10,49.00,7.76,0.54,2023-12-18 13:23:05
34.1,34.08,192.7,0.8,26.10,49.00,3.87,6.07,2023-12-18 13:23:10
48.4,163.26,415.1,1.75,25.90,49.00,8.39,1.28,2023-12-18 13:23:15
73.7,74.45,855.9,1.76,25.80,49.00,8.44,0.74,2023-12-18 13:23:21
46.3,210.11,280.6,0.53,25.80,49.00,2.56,0.78,2023-12-18 13:23:26
57.0,49.67,859.2,0.6,25.80,49.00,2.87,3.88,2023-12-18 13:23:32
19.7,73.48,635.5,0.36,25.80,49.00,1.73,2.06,2023-12-18 13:23:37
22.9,180.63,415.7,1.45,25.80,49.00,6.96,6.06,2023-12-18 13:23:43
74.2,180.75,614.6,0.19,25.80,49.00,0.93,4.78,2023-12-18 13:23:48
30.1,260.11,60.7,1.03,25.80,49.00,4.96,0.49,2023-12-18 13:23:53
30.3,17.27,37.3,1.89,25.80,49.00,9.1,3.59,2023-12-18 13:23:59
70.2,247.25,815.4,0.26,25.80,49.00,1.27,4.69,2023-12-18 13:24:04
41.6,189.28,538.0,0.24,25.80,49.00,1.16,0.36,2023-12-18 13:24:19
49.2,85.19,535.7,1.76,25.80,49.00,8.47,6.33,2023-12-18 13:24:25
35.0,120.1,521.1,1.36,25.80,49.00,6.53,0.25,2023-12-18 13:24:30
85.8,13.52,731.9,1.28,25.80,49.00,6.14,1.88,2023-12-18 13:24:36
70.3,3.16,639.2,1.89,25.80,49.00,9.08,3.89,2023-12-18 13:24:41
58.4,46.27,494.5,0.67,25.80,49.00,3.22,5.5,2023-12-18 13:24:46
38.8,18.79,523.3,0.97,25.80,49.00,4.65,3.1,2023-12-18 13:24:52
37.1,253.3,306.5,0.47,25.80,49.00,2.25,1.44,2023-12-18 13:24:57
83.5,180.3,350.4,0.12,25.80,49.00,0.58,0.78,2023-12-18 13:25:03
66.6,190.02,712.3,1.82,25.80,49.00,8.75,1.46,2023-12-18 13:25:08
26.7,35.64,166.7,0.27,25.80,49.00,1.29,5.12,2023-12-18 13:25:14
67.3,217.25,392.6,1.25,25.80,49.00,6.01,1.47,2023-12-18 13:25:19
51.3,237.92,433.4,0.94,25.80,49.00,4.52,0.78,2023-12-18 13:25:24
77.8,98.0,259.9,0.23,25.80,49.00,1.09,2.1,2023-12-18 13:25:30
96.1,98.0,723.3,0.71,25.80,49.00,3.42,6.21,2023-12-18 13:25:35
87.9,28.4,88.7,1.18,25.80,49.00,5.69,4.07,2023-12-18 13:25:41
53.6,74.44,179.7,1.59,25.80,49.00,7.64,0.21,2023-12-18 13:25:46
90.0,130.23,403.0,1.06,25.80,49.00,5.11,0.98,2023-12-18 13:25:51
19.4,117.09,371.4,0.94,25.80,49.00,4.51,0.61,2023-12-18 13:25:57
67.9,253.28,552.5,1.92,25.80,49.00,9.24,3.12,2023-12-18 13:26:02
33.8,149.29,232.2,0.27,25.80,49.00,1.31,1.12,2023-12-18 13:26:08
25.0,77.93,578.9,0.26,25.80,49.00,1.26,5.71,2023-12-18 13:26:13
48.7,274.32,544.9,1.07,25.80,49.00,5.15,3.63,2023-12-18 13:26:18
76.2,268.49,601.3,1.91,25.80,49.00,9.19,2.05,2023-12-18 13:26:24
75.3,87.42,84.8,0.34,25.80,49.00,1.63,2.3,2023-12-18 13:26:29
85.0,259.31,570.6,0.79,25.80,49.00,3.82,3.92,2023-12-18 13:26:35
34.9,253.17,559.8,1.18,25.80,49.00,5.69,5.2,2023-12-18 13:26:40
42.0,183.14,387.1,1.37,25.80,49.00,6.6,3.07,2023-12-18 13:26:48
88.9,93.14,307.2,1.07,25.80,49.00,5.16,2.24,2023-12-18 13:26:54
35.6,250.77,205.7,0.89,25.80,49.00,4.3,0.76,2023-12-18 13:26:59
24.7,14.58,88.6,1.94,25.80,49.00,9.32,5.73,2023-12-18 13:27:05
63.3,145.2,456.8,0.12,25.80,49.00,0.57,2.95,2023-12-18 13:27:10
74.6,117.56,485.8,0.87,25.80,49.00,4.18,1.0,2023-12-18 13:27:15
72.6,125.22,209.6,1.11,25.80,49.00,5.35,5.45,2023-12-18 13:27:21
77.3,267.41,599.5,1.0,25.80,49.00,4.82,4.09,2023-12-18 13:27:26
80.0,142.63,521.0,1.81,25.80,49.00,8.71,2.06,2023-12-18 13:27:32
36.4,249.52,778.0,1.44,25.80,49.00,6.91,5.69,2023-12-18 13:27:37
25.8,59.0,612.5,1.81,25.80,49.00,8.71,0.28,2023-12-18 13:27:43
32.4,75.06,796.0,0.79,25.80,49.00,3.8,0.33,2023-12-18 13:27:48
53.0,286.12,812.2,1.39,25.80,49.00,6.69,2.3,2023-12-18 13:27:53
53.0,267.32,189.8,1.81,25.80,49.00,8.68,3.0,2023-12-18 13:27:59
27.1,211.91,571.8,0.45,25.80,49.00,2.15,6.35,2023-12-18 13:28:04
60.0,78.19,788.1,0.26,25.80,49.00,1.23,0.73,2023-12-18 13:28:10
44.9,251.5,159.2,0.59,25.80,49.00,2.82,5.31,2023-12-18 13:28:15
76.9,143.73,607.2,0.56,25.80,49.00,2.7,1.69,2023-12-18 13:28:21
47.4,241.45,506.0,1.15,25.80,49.00,5.55,0.05,2023-12-18 13:28:26
77.4,198.03,142.8,0.96,25.80,49.00,4.63,6.16,2023-12-18 13:28:31
54.4,70.82,842.0,1.79,25.80,49.00,8.61,6.14,2023-12-18 13:28:37
93.5,3.53,427.2,0.85,25.80,49.00,4.11,4.91,2023-12-18 13:28:43
60.7,116.48,734.5,0.92,25.80,49.00,4.4,2.75,2023-12-18 13:28:48
31.7,20.67,766.0,0.56,25.80,49.00,2.69,5.78,2023-12-18 13:28:54
68.9,63.42,63.4,0.96,25.80,49.00,4.61,3.32,2023-12-18 13:28:59
36.3,115.41,495.1,1.41,25.80,49.00,6.76,3.92,2023-12-18 13:29:04
70.9,6.3,248.7,1.03,25.80,49.00,4.97,2.89,2023-12-18 13:29:10
44.4,68.83,282.6,0.42,25.80,49.00,2.0,3.09,2023-12-18 13:29:15
82.8,210.37,49.00,0.95,25.80,49.00,4.55,4.62,2023-12-18 13:30:54
84.8,7.71,49.00,0.46,25.80,49.00,2.2,0.42,2023-12-18 13:30:59
22.4,282.87,49.00,0.69,25.80,49.00,3.3,2.9,2023-12-18 13:31:05
76.0,19.15,49.00,1.73,25.80,49.00,8.32,3.5,2023-12-18 13:31:10
64.8,193.03,49.00,1.61,25.80,49.00,7.75,4.08,2023-12-18 13:31:16
87.2,232.0,49.00,0.89,25.80,49.00,4.29,2.4,2023-12-18 13:31:21
56.6,96.63,49.00,0.74,25.80,49.00,3.56,2.43,2023-12-18 13:31:26
34.9,150.58,49.00,0.87,25.80,49.00,4.16,1.7,2023-12-18 13:31:32
55.2,226.54,49.00,1.29,25.80,49.00,6.21,3.77,2023-12-18 13:31:37
69.2,63.27,49.00,0.72,25.80,49.00,3.45,1.8,2023-12-18 13:31:43
48.1,208.63,49.00,1.26,25.80,49.00,6.05,3.48,2023-12-18 13:31:48
96.1,154.03,49.00,1.44,25.80,49.00,6.93,2.48,2023-12-18 13:31:54
73.5,50.36,49.00,0.82,25.80,49.00,3.93,1.37,2023-12-18 13:31:59
31.2,181.15,49.00,0.6,25.80,49.00,2.87,1.97,2023-12-18 13:32:05
28.7,187.78,49.00,1.86,25.80,49.00,8.96,5.5,2023-12-18 13:32:10
78.1,272.83,49.00,1.69,25.80,49.00,8.14,1.63,2023-12-18 13:32:16
22.2,43.55,49.00,0.3,25.80,49.00,1.42,4.26,2023-12-18 13:32:21
28.2,146.23,49.00,0.75,25.80,49.00,3.62,4.35,2023-12-18 13:32:26
51.4,201.17,49.00,0.87,25.80,49.00,4.18,6.32,2023-12-18 13:32:32
39.07,199.72,49.00,0.44,25.80,49.00,2.13,1.28,2023-12-18 13:32:40
72.23,100.54,49.00,1.63,25.80,49.00,7.85,4.05,2023-12-18 13:32:45
35.25,286.76,49.00,1.75,25.80,49.00,8.4,4.28,2023-12-18 13:32:51
84.64,39.31,49.00,0.4,25.80,49.00,1.94,3.6,2023-12-18 13:32:56
87.32,265.59,49.00,1.61,25.80,49.00,7.76,0.67,2023-12-18 13:33:02
73.87,45.03,49.00,0.39,25.80,49.00,1.87,1.51,2023-12-18 13:33:07
57.8,289.38,49.00,1.06,25.80,49.00,5.09,3.03,2023-12-18 13:33:12
29.12,246.24,49.00,1.05,25.80,49.00,5.06,5.61,2023-12-18 13:33:18
22.18,89.83,49.00,0.37,25.80,49.00,1.76,3.37,2023-12-18 13:33:23
88.47,201.01,49.00,1.67,25.80,49.00,8.02,0.85,2023-12-18 13:33:29
43.65,221.97,49.00,1.36,25.80,49.00,6.54,3.56,2023-12-18 13:33:34
24.24,82.08,49.00,1.89,25.80,49.00,9.11,0.83,2023-12-18 13:33:40
54.84,22.33,49.00,0.82,25.80,49.00,3.95,0.01,2023-12-18 13:33:46
28.57,150.47,49.00,0.43,25.80,49.00,2.07,5.07,2023-12-18 13:33:51
75.84,7.51,49.00,1.84,25.80,49.00,8.86,1.46,2023-12-18 13:33:56
23.65,42.91,49.00,0.4,25.80,49.00,1.91,2.34,2023-12-18 13:34:02
90.56,173.42,49.00,0.64,25.80,49.00,3.06,2.47,2023-12-18 13:34:07
34.07,31.76,49.00,0.71,25.90,49.00,3.43,0.85,2023-12-18 13:34:13
49.73,128.16,49.00,0.98,26.00,49.00,4.7,2.77,2023-12-18 13:34:18
80.88,113.32,49.00,1.7,26.20,49.00,8.16,4.92,2023-12-18 13:34:24
92.29,12.53,49.00,1.55,26.20,49.00,7.47,3.3,2023-12-18 13:34:29
71.48,8.66,49.00,1.34,26.20,49.00,6.42,2.37,2023-12-18 13:34:35
84.21,123.19,49.00,0.74,26.20,49.00,3.57,4.63,2023-12-18 13:34:40
85.48,244.43,49.00,1.89,26.20,49.00,9.09,1.12,2023-12-18 13:34:46
65.27,39.31,49.00,1.88,26.20,49.00,9.02,2.37,2023-12-18 13:34:51
88.04,115.86,49.00,1.66,26.20,49.00,7.99,0.79,2023-12-18 13:34:57
42.17,290.17,49.00,0.83,26.10,49.00,3.97,2.46,2023-12-18 13:35:02
53.03,249.81,49.00,0.21,26.00,49.00,1.03,2.05,2023-12-18 13:35:08
77.98,216.85,49.00,1.81,26.10,49.00,8.71,0.06,2023-12-18 13:35:13
95.74,284.36,49.00,0.09,26.10,49.00,0.42,0.73,2023-12-18 13:35:19
46.52,77.98,49.00,0.32,26.20,49.00,1.53,5.51,2023-12-18 13:35:24
78.54,80.68,49.00,1.01,26.20,49.00,4.84,3.62,2023-12-18 13:35:29
51.79,274.04,49.00,1.43,26.20,49.00,6.88,3.19,2023-12-18 13:35:35
86.64,38.15,49.00,0.58,26.10,49.00,2.79,0.17,2023-12-18 13:35:40
86.03,285.52,49.00,1.95,26.20,49.00,9.39,5.33,2023-12-18 13:35:46
83.65,57.91,49.00,0.91,26.20,49.00,4.36,4.82,2023-12-18 13:35:51
46.67,72.05,49.00,1.88,26.20,49.00,9.05,6.36,2023-12-18 13:35:57
86.56,120.04,49.00,0.22,26.20,49.00,1.04,1.02,2023-12-18 13:36:02
89.84,269.45,49.00,0.17,26.20,49.00,0.81,6.27,2023-12-18 13:36:08
56.42,58.91,49.00,0.28,26.20,49.00,1.35,1.34,2023-12-18 13:36:13
65.74,142.82,49.00,0.09,26.20,49.00,0.42,4.6,2023-12-18 13:36:19
77.56,115.69,49.00,1.05,26.20,49.00,5.06,0.78,2023-12-18 13:36:24
58.57,46.95,49.00,1.11,26.20,49.00,5.36,5.36,2023-12-18 13:36:30
34.28,146.77,49.00,0.14,26.20,49.00,0.67,1.42,2023-12-18 13:36:35
63.17,93.67,49.00,1.89,26.20,49.00,9.07,3.66,2023-12-18 13:38:53
39.43,234.65,49.00,0.64,26.20,49.00,3.09,6.38,2023-12-18 13:38:59
21.21,185.22,49.00,0.17,26.20,49.00,0.83,5.46,2023-12-18 13:39:04
25.58,10.41,49.00,0.23,26.20,49.00,1.11,2.59,2023-12-18 13:39:10
68.56,239.75,49.00,0.62,26.20,49.00,3.0,3.36,2023-12-18 13:39:15
50.86,149.46,49.00,1.41,26.20,49.00,6.8,5.37,2023-12-18 13:39:21
86.1,65.36,49.00,1.24,26.20,49.00,5.95,2.9,2023-12-18 13:39:27
33.23,63.9,49.00,0.96,26.20,49.00,4.62,1.31,2023-12-18 13:39:32
77.44,147.28,49.00,0.2,26.20,49.00,0.94,5.31,2023-12-18 13:39:37
74.08,80.03,49.00,1.67,26.20,49.00,8.01,4.35,2023-12-18 13:39:43
33.01,95.24,49.00,1.61,26.20,49.00,7.73,1.88,2023-12-18 13:39:49
79.71,105.14,49.00,1.1,26.20,49.00,5.31,2.31,2023-12-18 13:39:54
35.47,23.75,49.00,1.86,26.20,49.00,8.96,3.47,2023-12-18 13:39:59
65.13,236.16,49.00,1.57,26.20,49.00,7.54,2.08,2023-12-18 13:40:05
85.27,114.25,49.00,0.99,26.20,49.00,4.76,1.61,2023-12-18 13:40:10
26.29,186.01,49.00,1.71,26.20,49.00,8.2,5.52,2023-12-18 13:40:16
45.69,16.65,49.00,1.62,26.20,49.00,7.78,2.78,2023-12-18 13:40:21
62.18,212.33,49.00,1.64,26.20,49.00,7.87,1.6,2023-12-18 13:40:26
28.31,67.62,49.00,1.25,26.20,49.00,5.99,6.06,2023-12-18 13:41:32
63.78,55.07,49.00,1.14,26.20,49.00,5.49,5.63,2023-12-18 13:41:38
62.18,234.24,49.00,0.89,26.20,49.00,4.29,1.0,2023-12-18 13:41:43
25.46,56.72,49.00,1.61,26.20,49.00,7.74,1.15,2023-12-18 13:41:49
28.97,264.05,49.00,0.48,26.20,49.00,2.3,3.82,2023-12-18 13:41:54
65.71,158.71,49.00,0.67,26.20,49.00,3.22,4.21,2023-12-18 13:42:43
42.72,41.77,49.00,1.59,26.20,49.00,7.66,3.01,2023-12-18 13:42:49
53.56,241.84,49.00,1.33,26.20,49.00,6.4,0.98,2023-12-18 13:42:54
82.21,133.0,49.00,1.49,26.20,49.00,7.14,5.7,2023-12-18 13:43:00
48.11,145.27,49.00,1.08,26.20,49.00,5.21,5.09,2023-12-18 13:43:05
46.42,20.97,49.00,1.78,26.20,49.00,8.58,2.21,2023-12-18 13:43:10
40.94,208.13,49.00,0.59,26.20,49.00,2.84,1.07,2023-12-18 13:43:16
58.47,91.18,49.00,1.38,26.20,49.00,6.63,6.14,2023-12-18 13:43:21
